{"Version":1,"ManifestType":"Publish","Endpoints":[{"Route":".d5nt65r30p.gitkeep","AssetFile":".gitkeep","Selectors":[],"ResponseHeaders":[{"Name":"Accept-Ranges","Value":"bytes"},{"Name":"Cache-Control","Value":"max-age=31536000, immutable"},{"Name":"Content-Length","Value":"27"},{"Name":"Content-Type","Value":"application/octet-stream"},{"Name":"ETag","Value":"\"j3vmETV/O/nQ4v0GBY3REYIjuhZQtBm/flIIdq2Xf2g=\""},{"Name":"Last-Modified","Value":"Wed, 28 Jan 2026 19:45:43 GMT"}],"EndpointProperties":[{"Name":"fingerprint","Value":"d5nt65r30p"},{"Name":"integrity","Value":"sha256-j3vmETV/O/nQ4v0GBY3REYIjuhZQtBm/flIIdq2Xf2g="},{"Name":"label","Value":".gitkeep"}]},{"Route":".gitkeep","AssetFile":".gitkeep","Selectors":[],"ResponseHeaders":[{"Name":"Accept-Ranges","Value":"bytes"},{"Name":"Cache-Control","Value":"no-cache"},{"Name":"Content-Length","Value":"27"},{"Name":"Content-Type","Value":"application/octet-stream"},{"Name":"ETag","Value":"\"j3vmETV/O/nQ4v0GBY3REYIjuhZQtBm/flIIdq2Xf2g=\""},{"Name":"Last-Modified","Value":"Wed, 28 Jan 2026 19:45:43 GMT"}],"EndpointProperties":[{"Name":"integrity","Value":"sha256-j3vmETV/O/nQ4v0GBY3REYIjuhZQtBm/flIIdq2Xf2g="}]}]}